{
  "name": "JTF2",
  "createdAtMillis": 1465592365412,
  "home": {
    "w": "world",
    "lx": 103.69999998807907,
    "ly": 66.0,
    "lz": -436.69999998807907,
    "p": 23.47124,
    "y": 45.0932
  },
  "powerBoost": 10000.0
}